{
  "_id": 1,
  "type": "Truck",
  "truckMaxLoad": 3000,
  "truckLoad": 60,
  "pos_x":38.25495,
  "pos_y":21.74829,
  "start_x":38.25495,
  "start_y":21.74829,
  "route":[
  [38.256227,21.745142,1],
  [38.25666,21.74330,0],
  [38.25155,21.74126,0],
  [38.24671,21.73502,0],
  [38.24680,21.73478,0],
  [38.24649,21.73437,0],
  [38.24622,21.73446,0],
  [38.24097,21.72773,0],
  [38.24087,21.72883,0],
  [38.24577,21.73523,0],
  [38.24568,21.73543,0],
  [38.24597,21.73582,0],
  [38.24629,21.73581,0],
  [38.24725,21.73704,0],
  [38.24675,21.73765,0],
  [38.24753,21.73869,0],
  [38.24801,21.73803,0],
  [38.25577,21.74647,0]]
}