{
    "_id": 1,
    "type": "Truck",
    "truckMaxLoad": 3000,
    "truckLoad": 60,
    "pos_x":38.25495,
    "pos_y":21.74829,
    "start_x":38.25495,
    "start_y":21.74829,
    "route":[
        [38.25714,21.74148,0],
        [38.256698,21.741306,32],
        [38.25264,21.74021,0],
        [38.25322,21.73697,0],
        [38.25062,21.73619,0],
        [38.25010,21.73583,0],
        [38.24706,21.73195,0],
        [38.24629,21.73032,0],
        [38.24566,21.73097,0],
        [38.25086,21.73748,0],
        [38.25213,21.73806,0],
        [38.25137,21.74235,0],
        [38.25576,21.74644,0]
    ]   
}