{
    "_id": 1,
    "type": "Truck",
    "truckMaxLoad": 3000,
    "truckLoad": 0,
    "pos_x":38.25495,
    "pos_y":21.74829,
    "start_x":38.25495,
    "start_y":21.74829,
    "route":[
        [38.255271,21.747610,0],
        [38.254896,21.747296,60],
        [38.25327,21.74619,0],
        [38.253144,21.745933,61],
        [38.25280,21.74480,0],
        [38.251077,21.743155,63],
        [38.248339,21.739724,65],
        [38.246534,21.737363,67],
        [38.244157,21.734265,69],
        [38.243522, 21.733427,0],
        [38.24306,21.73406,0],
        [38.243810,21.735074,71],
        [38.245390,21.737052,73],
        [38.246746,21.738890,75],
        [38.24819,21.74073,0],
        [38.24918,21.73953,0],
        [38.249644,21.740118,26],
        [38.250877,21.741671,27],
        [38.251846,21.742899,56],
        [38.254238,21.745100,58],
        [38.25577,21.74647,0],
        [38.25495,21.74829,-1]   
    ]   
}