{
  "_id": 1,
  "type": "Truck",
  "truckMaxLoad": 3000,
  "truckLoad": 0,
  "pos_x":38.25495,
  "pos_y":21.74829,
  "start_x":38.25495,
  "start_y":21.74829,
  "route":[
  [38.256227,21.745142,28],
  [38.25666,21.74330,0],
  [38.255922,21.742917,7],
  [38.254428,21.742325,9],
  [38.252373,21.741471,12],
  [38.25155,21.74126,0],
  [38.250639,21.740158,15],
  [38.249023,21.737992,17],
  [38.24671,21.73502,0],
  [38.24622,21.73446,0],
  [38.244978,21.732886,23],
  [38.244462,21.732188,0],
  [38.243987,21.732817,0],
  [38.245759,21.735130,0],
  [38.24629,21.73581,0],
  [38.246658,21.736345,1],
  [38.24725,21.73704,0],
  [38.24675,21.73765,0],
  [38.247051,21.738039,66],
  [38.24753,21.73869,0],
  [38.24801,21.73803,0],
  [38.249644,21.740118,26],
  [38.251983,21.743148,0],
  [38.253278,21.744252,57],
  [38.255055,21.745754,59],
  [38.25577,21.74647,0],
  [38.25495,21.74829,-1]]
}