{
    "_id": 1,
    "type": "Truck",
    "truckMaxLoad": 3000,
    "truckLoad": 60,
    "pos_x":38.25495,
    "pos_y":21.74829,
    "start_x":38.25495,
    "start_y":21.74829,
    "route":[
        [38.254896,21.747296,60],
        [38.25327,21.74619,0],
        [38.25280,21.74480,0],
        [38.24356,21.773348,0],
        [38.24306,21.73406,0],
        [38.24819,21.74073,0],
        [38.24918,21.73953,0],
        [38.25577,21.74647,0]   
    ]   
}