{
    "_id": 1,
    "type": "Truck",
    "truckMaxLoad": 3000,
    "truckLoad": 0,
    "pos_x":38.25495,
    "pos_y":21.74829,
    "start_x":38.25495,
    "start_y":21.74829,
    "route":[
        [38.255860, 21.746415,0],
        [38.25714,21.74148,0],
        [38.256698,21.741306,32],
        [38.254899,21.740524,34],
        [38.254225,21.740260,0],
        [38.253168,21.740160,37],
        [38.25264,21.74021,0],
        [38.25322,21.73697,0],
        [38.252005,21.736628,41],
        [38.25010,21.73583,0],
        [38.249376,21.734858,43],
        [38.247697,21.732723,44],
        [38.24706,21.73195,0],
        [38.246263,21.730177,0],
        [38.245740,21.730837,45],
        [38.24566,21.73097,0],
        [38.246447,21.731920,46],
        [38.247956,21.733802,48],
        [38.249540,21.735822,50],
        [38.25086,21.73748,0],
        [38.25213,21.73806,0],
        [38.251794,21.739785,53],
        [38.25137,21.74235,0],
        [38.251846,21.742899,56],
        [38.252505,21.743623,0],
        [38.254238,21.745100,58],
        [38.25576,21.74644,0],
        [38.25495,21.74829,-1]
    ]   
}